"id","title","categoryId","uploadDate","length","youtubeId"
"ff8649b8-1b11-43aa-9f74-4367e7df4c64","ğŸ”´ 24/7 LIVE: Christmas Cat TV for Cats to Watch ğŸ˜º Cute Birds Squirrels in the Snow 4K","4b26c2fb-9029-4385-b3d9-5ba03d99dad6","2024-12-21",0,"5_kifLv_dT8"
"4b6e79a3-41a9-4f59-9e14-0b05c4354b7d","ğŸ”´ 24/7 LIVE: Cat TV for Cats to Watch ğŸ˜º Cute Little Birds Squirrels 4K","863b3aea-0d4b-49a6-bc07-b9588dbf5820","2024-12-20",0,"v1hpyDNE3cY"
"b589b97c-e277-4667-866e-2f1aaad1232b","ğŸ¤£ğŸ¤£ #funny #mycatchannel #shortvideo #cat #catchannel #yourcat #pets #catschannel #yourpet","09e913b6-133d-4abd-9635-991efbb339bf","2024-12-20",51,"6U4gDroipbM"
"1eace2e9-9722-4447-9677-3bdcb91978d1","A Cat Have Dream to Ballet #cat #palestine #cats #catvideos #catlover #catshorts #shorts #short","09e913b6-133d-4abd-9635-991efbb339bf","2024-12-20",61,"66oazZj-6zY"
"7b84bec6-388c-4860-bb27-2c1e10bef2cf","DIY Aquarium For A Tiny Kitten ğŸ±ğŸŸ *Best Crafts And Gadgets For cat Lovers*","0f043be9-ded5-44b6-9e3f-25234492726e","2024-12-20",0,"EBZq665uOMo"
"0261e830-1ed7-491a-80b0-9bbf2bd30406","Black Cat missing Half face Teaches Life Lesson!ğŸˆâ€â¬›ğŸ˜­","09e913b6-133d-4abd-9635-991efbb339bf","2024-12-20",18,"Du5jUrEA5Ek"
"e5dce7f1-0eca-47bf-bacc-58748a1baee0","ğŸ”´ 24/7 LIVE: Holiday Cat TV for Cats to Watch ğŸ˜º Christmas Greetings from Birds and Squirrels 4K","4b26c2fb-9029-4385-b3d9-5ba03d99dad6","2024-12-19",0,"PdJaUOPhIpc"
"9133a219-e1cd-4ee8-a06a-3157ec26a48c","Cats meet famous footballer âš½ï¸ | whoâ€™s one best? White cat vs orange or black!#cat #ronaldo #shorts","09e913b6-133d-4abd-9635-991efbb339bf","2024-12-19",31,"HXdeTYZA1mw"
"3f107c38-eeb4-4d20-b122-aa415e433a37","ğŸ”´ 24/7 LIVE: Cat TV for Cats to Watch ğŸ˜º Cute Birds in the Snow 4K","863b3aea-0d4b-49a6-bc07-b9588dbf5820","2024-12-17",0,"TA6gfGlTLx0"
"0f208137-a86f-41ff-85bb-ade2d32b0046","ğŸ”´ 24/7 LIVE: Christmas Cat TV for Cats to Watch ğŸ˜º Cute Birds Squirrels 4K Cat Games","4b26c2fb-9029-4385-b3d9-5ba03d99dad6","2024-12-16",0,"AkikswiiHUc"
"51570829-9296-40fd-927f-a282ec7f0715","ğŸ”´ 24/7 LIVE: Cat TV for Cats to Watch ğŸ˜º Beautiful Birds and Squirrels 4K","4b26c2fb-9029-4385-b3d9-5ba03d99dad6","2024-12-15",0,"nGZHPVP8J2E"
"aa723f07-3d27-41be-b5cb-ccd5d0ddd24c","ğŸ”´ 24/7 LIVE: Cat TV for Cats to Watch ğŸ˜º Cute Birds Squirrels Cat Games 4K","4b26c2fb-9029-4385-b3d9-5ba03d99dad6","2024-12-14",0,"kFcIKb8aEjk"
"c705eccb-2935-42b0-b4e8-d1b6c5aeefac","Cat TV for Cats to Watch ğŸ˜ºğŸ¦ Perfect Birds and Squirrels ğŸ¿ Cat Games 4K HDR 60FPS","863b3aea-0d4b-49a6-bc07-b9588dbf5820","2024-12-11",28839,"689rqUEoKgc"
"a1d911e0-3e65-4402-811d-99f2560b750f","Cat TV for Cats to Watch Birds and SquirrelsğŸ˜ºPerfect Video for Indoor Cats Episode 7 | 3H of Videos","863b3aea-0d4b-49a6-bc07-b9588dbf5820","2024-12-10",10801,"1VRClkI_XNE"
"1efe3bf5-e78b-4aea-a276-88fdad2f98ee","ğŸ”´ 24/7 LIVE: Christmas Cat TV for Cats to Watch ğŸ˜º Holiday Special Birds Squirrels in the Snow 4K","863b3aea-0d4b-49a6-bc07-b9588dbf5820","2024-12-08",0,"KpKlcTHKBaM"
"f7f56358-099e-469e-9df6-99093b0af430","Christmas Cat TV ğŸ˜º Joyful Winter with Birds and Squirrels ğŸ¿ 4K HDR 60FPS","863b3aea-0d4b-49a6-bc07-b9588dbf5820","2024-12-04",28839,"vpxuPFXwUc4"
"b24b7867-2ca8-477e-b89c-7ab280351830","Cat TV for Cats to Watch ğŸ˜º Fall in Love with Chipmunks, Birds, Squirrels ğŸ¿ 4K HDR 60FPS","863b3aea-0d4b-49a6-bc07-b9588dbf5820","2024-11-27",28842,"u2JNspDwtTc"
"1d1e75e8-b8c1-428a-8851-fef4cd535f15","ğŸ”´24/7 LIVE CAT TV NO ADSğŸ˜º Squirrels Jays & Cute Birds with Beautiful Forest Sounds","4b26c2fb-9029-4385-b3d9-5ba03d99dad6","2024-11-25",0,"npi0PcsAoX8"
"954a233a-7f2f-4a52-9cfa-0faa5fc73a43","Cat TV for Cats to Watch ğŸ˜º Endless Chipmunks, Birds, Squirrels ğŸ¿ Cat Games 4K HDR 60FPS","4b26c2fb-9029-4385-b3d9-5ba03d99dad6","2024-11-20",28837,"N20V_6EbCbM"
"ca91e5cb-c5d8-4e68-94aa-5b46af91062d","Cat TV for Cats to Watch ğŸ˜ºğŸ¿ï¸ Happy Birds, Squirrels and Turkeys ğŸ¦ 4K HDR 60FPS","863b3aea-0d4b-49a6-bc07-b9588dbf5820","2024-11-13",28837,"yGm8MNdXAXk"
"aa1f094b-372b-4822-986f-0c91c67e398d","Cat TV for Cats to Watch ğŸ˜ºğŸ¦ Fall Fun of Chipmunks, Birds, Squirrels ğŸ¿ 4K HDR 60FPS","4b26c2fb-9029-4385-b3d9-5ba03d99dad6","2024-10-30",28839,"AcIaNiiVVhk"
"d4e023e7-5d91-4323-b8bc-bb0773d4faad","ğŸ”´24/7 LIVE CAT TV NO ADSğŸ˜º Squirrels & Cute Birds with Beautiful Forest Sounds","4b26c2fb-9029-4385-b3d9-5ba03d99dad6","2024-10-15",0,"QfVOXYPIZqs"
"691c9e23-fd85-4dc9-b5c8-ffe1ba6f5662","Cat Club!ğŸ˜»ğŸ¥³ #shorts #funny #catclub","09e913b6-133d-4abd-9635-991efbb339bf","2024-10-10",8,"7GC-7t7WYqI"
"b9bd4ce4-2b6c-4e59-95e5-5ec3e941c9ae","CAT GAMES ğŸ“ºğŸª³ 2024 Ultimate CATS TV Compilation ğŸ ğŸ˜»ğŸ¦‚ 4K 60 FPS [5 HOURS]","09e913b6-133d-4abd-9635-991efbb339bf","2024-09-27",18000,"-61TJG2MqBA"
"7532f116-ea84-4788-9bb2-95ccdaef1d71","ğŸ˜» Relaxing Bird Bath, 8 Hours of Birds ğŸ¦ Fountain Water Sounds Uninterrupted CatTV @LensMyth","863b3aea-0d4b-49a6-bc07-b9588dbf5820","2024-09-27",28802,"wTd3kuGv4Kk"
"30f186dc-f0c8-44f9-ae4e-7ccd7bacd2ba","3D game for cats | CATCH THE SQUIRREL (isometric view) | 4K, 60 fps, stereo sound","4b26c2fb-9029-4385-b3d9-5ba03d99dad6","2024-09-21",36000,"wUSv35zDPVg"
"febf1c2e-c960-4a8e-ba64-bcd5a72cdc6c","POV: You see a random cat on the streetğŸ¥°ğŸ˜»#shorts #babyduck #cat","09e913b6-133d-4abd-9635-991efbb339bf","2024-09-16",9,"HWu4A3X7wdo"
"69b5b875-4760-458b-93c2-07ab7e197283","Chipmunks, Squirrels and Backyard Animals - 10 Hour Cat TV for Pets to Watch - Aug 28, 2024","4b26c2fb-9029-4385-b3d9-5ba03d99dad6","2024-08-28",36001,"7pYdubQV2Vs"
"f2151677-f27c-4b9f-8e97-09d216016e5f","Aquarium for cats ğŸˆ  #bigactio #bigaction #cats #aquarium #itemsforcats #cattoys","0f043be9-ded5-44b6-9e3f-25234492726e","2024-08-27",17,"m7ZZ-c6WX64"
"e63208c2-b596-4160-a302-1fec0953a2c8","Cat TV for Cats to Watch ğŸ˜º Birds Squirrels Chipmunks Ducks ğŸ¿ Nature Fun 4K HDR 60FPS","4b26c2fb-9029-4385-b3d9-5ba03d99dad6","2024-08-27",28838,"zJRKwXG-vpc"
"54dff85f-20a2-4771-afa4-2320f586053d","13â¤ğŸ˜»ğŸ¾Cute kitten #cat #lovecats #cats #catvideos #kittens #catlover #princesscat #kitten","09e913b6-133d-4abd-9635-991efbb339bf","2024-08-24",8,"0KJS_2d2jOk"
"2c93fc59-6225-42a2-87e6-dc88a951e0f0","They built a fish tank for their cat ğŸ‘","0f043be9-ded5-44b6-9e3f-25234492726e","2024-08-23",12,"wdaac-ycLXU"
"7f326a26-3ec1-4832-924a-e43a90d05780","ğŸ”´ 24/7 LIVE: Cat TV for Cats to Watch ğŸ˜º Cute Birds and Squirrels 4K","863b3aea-0d4b-49a6-bc07-b9588dbf5820","2024-08-17",0,"ylCepo-8gRI"
"170792db-160b-4f5c-9b0f-099b4d948807","CAT GAMES ğŸ“ºğŸª³ Ultimate CATS TV Compilation 20 in 1 ğŸ­ğŸ™€ğŸ¦ 4K 60 FPS [5 HOURS]","09e913b6-133d-4abd-9635-991efbb339bf","2024-08-16",18001,"RVmKRZy6o-A"
"72d0d068-b47b-4b21-bb92-62e3a0d06205","Cat TV for Cats to Watch ğŸ˜º Cute Birds, Squirrels, Chipmunks, Rats, Bunnies ğŸ¿ 4K HDR 60FPS","4b26c2fb-9029-4385-b3d9-5ba03d99dad6","2024-08-14",28835,"byxb7IzGr-Q"
"0ef373dd-892d-487e-a3bf-c3cf82392eba","Best For Cats: Mesmerizing Bird Videos Tailored For Curious Cats - Catt TV Central","863b3aea-0d4b-49a6-bc07-b9588dbf5820","2024-08-09",42841,"tTbeAA5bYD0"
"61342172-4e49-4aca-9dde-b81dd8a7b921","Cat TV games for cats to watch: Ultimate Mice Hide & Seek - 8 Hours of Entertainment - 4K UHD 60FPS","863b3aea-0d4b-49a6-bc07-b9588dbf5820","2024-08-02",28810,"MZ3OYRDEmFs"
"7dc05ea9-c648-411c-bf88-af4b499894ea","Cat TV for Cats to Watch ğŸ˜º Cute Chipmunks, Birds, Squirrels ğŸ¿ Nature Fun 4K HDR 60FPS","4b26c2fb-9029-4385-b3d9-5ba03d99dad6","2024-07-31",28840,"alN1ePd2mrg"
"83b497e6-97c0-4bbc-9275-832c85a9671e","happy life of a rainbow cat familyğŸ˜»ğŸ’ #pets #cute #cat","09e913b6-133d-4abd-9635-991efbb339bf","2024-07-25",58,"74nTNPCJrEo"
"26862729-6cc2-4980-a170-c7af8b6ef4f3","Cat TV for Cats to Watch ğŸ˜º Lovely Birds, Squirrels and Bunnies ğŸ¿ 8 Hours 4K HDR","09e913b6-133d-4abd-9635-991efbb339bf","2024-07-24",28839,"DiCI_MRz6GU"
"b1d2f27c-73f9-4c34-8f70-b21049bdccff","Cat TV for Cats to Watch ğŸ˜º Nonstop Chipmunks, Birds, Squirrels ğŸ¿ 8 Hours 4K HDR 60FPS","863b3aea-0d4b-49a6-bc07-b9588dbf5820","2024-07-18",28844,"MU0y400jPHg"
"990f7d36-359d-4836-9320-3b16ee36ba90","so funny cat videos ğŸ¤£ğŸ“· #cat #catlover #funnycat #shortvideo #shortsfeed #shorts #shortsvideo","09e913b6-133d-4abd-9635-991efbb339bf","2024-07-18",10,"cW__YC4KQGE"
"3939a25b-f26f-4ed4-9c4b-39a47ee6715d","(No Ad Interruptions) Cat TV for Cats to WatchğŸ˜º Cute Little Birds with Squirrel-maniağŸ¿ï¸10 Hrs 4K HDR","863b3aea-0d4b-49a6-bc07-b9588dbf5820","2024-07-12",36004,"ZHupD-EaaPU"
"4a18d4f4-5847-4739-862f-f0711f8481da","Cat TV for Cats to Watch ğŸ˜º Funny Chipmunks Birds Squirrels ğŸ¿ 8 Hours 4K HDR 60FPS","4b26c2fb-9029-4385-b3d9-5ba03d99dad6","2024-07-10",28844,"IWq9C7u2bS0"
"cac8a391-384d-41c7-84be-1cfd386d5070","[NO ADS] Cat TV: Videos for Cats ğŸ˜¸ Birds & Squirrels Gather for a Rock Feastival ğŸ•Šï¸ Birds to Watch","4b26c2fb-9029-4385-b3d9-5ba03d99dad6","2024-07-08",35992,"kRzPf-cGRec"
"93d5d23c-c498-4878-a1ec-ef5cbc397e3e","CAT MEMES ğŸ± INSIDE OUT 2 BUT CATS #cat #catlover #catvideos #insideout2 #shorts","09e913b6-133d-4abd-9635-991efbb339bf","2024-06-30",27,"MrTeH9mHFnA"
"30e7ce8f-04d1-49d7-b770-59841b3d3c17","Cat's Delight: Fun with the Fish Tank Bed Toy! ğŸ   #catsÂ #cutecatÂ #funnycatsÂ #exploreÂ #shorts","0f043be9-ded5-44b6-9e3f-25234492726e","2024-06-13",28,"fLqrLk0CDBk"
"8361fba4-f315-4bd2-b38c-23ec574fe822","I BUILT A $10,000 DREAM CAT HOUSE!!","0f043be9-ded5-44b6-9e3f-25234492726e","2024-06-13",581,"6Fpen1WrcNU"
"2a6eb2b5-6f31-4613-9868-7013d1ea0f22","Always lend a helping hand to others #cat #ai #catvideos #catlover #poorcat #aiart","09e913b6-133d-4abd-9635-991efbb339bf","2024-06-09",26,"_ocaTEGBo-Y"
"dea8ea1b-4cdf-4779-9b6f-09d356a9c7b9","Cat TV ğŸ˜»12 Hours of Birds ğŸ¦ Squirrels ğŸ¿ Uninterrupted TV for Cats No Ads Interrupting 4K","863b3aea-0d4b-49a6-bc07-b9588dbf5820","2024-05-17",43244,"X8S8QAVqFZA"
"d83e6713-b52f-470d-8a77-77c7b24bf8c8","[NO ADS] Cat TV for Cats to Watch ğŸ•Š Squirrels & Birds Squabble Over Food ğŸ˜¹ Videos for Cats ~ 4K HDR","863b3aea-0d4b-49a6-bc07-b9588dbf5820","2024-05-11",26092,"qys4PCU8C_c"
"042d0a20-93e5-4445-9ef6-6d2d6f08107e","[NO ADS] Cat TV for Cats to Watch ğŸ˜º Pretty Birds and Squirrels ğŸ¿ 24 Hours 4K HDR","863b3aea-0d4b-49a6-bc07-b9588dbf5820","2024-05-10",85740,"UGzlg5qCGrc"
"b36c9442-08f3-446a-a095-6eb2ef72d660","Cat TV for Cats to Watch ğŸ˜º Funny & Cute Squirrels Chipmunks and Birds ğŸ¿ 8 Hours 4K HDR","4b26c2fb-9029-4385-b3d9-5ba03d99dad6","2024-05-01",28840,"AAFVQ0rVmNc"
"8c712de7-2c2d-4d69-8d24-89f5f63865ac","Fish tank cat bed #shorts #catlover #fishtank","0f043be9-ded5-44b6-9e3f-25234492726e","2024-04-21",16,"0kbdoPMYBZY"
"2ec6e259-8813-49ca-b174-1051ba394314","A CAT IN AN AQUARIUM! ğŸ˜¹ #shorts","0f043be9-ded5-44b6-9e3f-25234492726e","2024-04-18",32,"gEdJrW8E3Os"
"c2302aab-4492-45fe-8d68-ced1c1b97c32","Cat TV for Cats to Watch ğŸ˜º Little Red Squirrel Chipmunks and Birds ğŸ¿ 8 Hours 4K HDR 60FPS","4b26c2fb-9029-4385-b3d9-5ba03d99dad6","2024-04-10",28839,"lAeVxsa13Q4"
"a15ce014-1f9f-4170-80ec-aa7137c665ee","[NO ADS] Cat TV for Cats to Watch ğŸ˜¸ Birds & Squirrels Play in the Garden ğŸ•Šï¸ Bird Videos & Cat Games","4b26c2fb-9029-4385-b3d9-5ba03d99dad6","2024-04-07",0,"YXNMIFw0kn0"
"856132dd-f093-4bf1-90ab-1d5ee6138358","New cat aquarium || cat and fish || fish tank for cats #viral #shorts","0f043be9-ded5-44b6-9e3f-25234492726e","2024-03-29",9,"TwwJBEJuJjs"
"f42369d8-052c-4a8c-bb15-63aa14aea849","I Got My Cat a Walk In Aquarium","0f043be9-ded5-44b6-9e3f-25234492726e","2024-03-29",314,"mKwzzErrFJM"
"3c683ed5-7316-4a55-a9eb-6f9f2e67ecf3","Cat TV for Cats to Watch ğŸ˜º Cute Bunnies, Spring Birds, Squirrels ğŸ¿ 8 Hours 4K HDR 60FPS","4b26c2fb-9029-4385-b3d9-5ba03d99dad6","2024-03-27",28838,"I5GJ90y3Ho4"
"78c6d506-7274-4da7-b54e-a7d290a84878","CatHilariously Jumps Into Fish Tank","0f043be9-ded5-44b6-9e3f-25234492726e","2024-03-22",18,"6wAitMK9KyI"
"7305a4b9-2b99-484d-b9b9-1e79043a5f33","TV for Cats ğŸ˜»8 Hours of Birds ğŸ¦ and Squirrels ğŸ¿Feeder Uninterrupted CatTV","863b3aea-0d4b-49a6-bc07-b9588dbf5820","2024-03-22",28830,"KinjsVJn0-o"
"48580418-20de-4a3b-a46c-ee0e6f670b8a","What u do if phone drops in toilet?#cat #cute #kitten #funny #catlover #kitty","09e913b6-133d-4abd-9635-991efbb339bf","2024-03-21",20,"RrdKGO012_Y"
"c96007ae-f262-480e-b7ac-68c2e40e60bd","ğŸ”´ 24/7 LIVE: Cat TV for Cats to Watch ğŸ˜º Beautiful Birds Squirrels in the Forest 4K","4b26c2fb-9029-4385-b3d9-5ba03d99dad6","2024-02-08",0,"56WBs0A4Kng"
"d9ea0ac0-bd22-4d5c-b91d-19be6014f593","Cat TV for Cats to WatchğŸ˜» Countless Little Birds and their Squirrel FriendsğŸ•Šï¸ğŸ¿ï¸ 10 hours 4K (HDR)","4b26c2fb-9029-4385-b3d9-5ba03d99dad6","2024-01-18",36001,"2cQo-c8Nk6s"
"f5d9644e-f1b6-4802-9042-72642a3fa1e8","CATS TV - ULTIMATE Games Compilation for CATS & DOGS ğŸ˜¹ 30 in 1 cat games mix (3 HOURS)","09e913b6-133d-4abd-9635-991efbb339bf","2024-01-13",34297,"UJs5z6H4vZY"
"90679225-3785-41d0-904f-97930d7a27a0","Cat TV for Cats to Watch ğŸ˜º Unlimited Birds Chipmunks Squirrels ğŸ¿ 8 Hours 4K HDR 60FPS","4b26c2fb-9029-4385-b3d9-5ba03d99dad6","2024-01-10",28849,"MrSYP-cotdg"
"044a1d62-eee9-446e-919d-6e5274f026ca","Cat TV for Cats to Watch ğŸ˜º Pretty Birds Chipmunks Squirrels in the Forest ğŸ¿ 8 Hours 4K HDR","4b26c2fb-9029-4385-b3d9-5ba03d99dad6","2023-12-27",28818,"4gKPRyABc-U"
"768aa6a3-7e5b-4132-aa21-fc58b762eef4","CAT TV - 150 in 1 Ultimate Compilation ğŸ™€ğŸ­ğŸ  Game for cats ğŸ•š 10 HOURS 4K","09e913b6-133d-4abd-9635-991efbb339bf","2023-12-22",36001,"nwB9GtFyats"
"505ad501-8902-4a4b-b76a-48c33de48f75","CORAL REEF AQUARIUM COLLECTION #4 â€¢ 12 HOURS â€¢ BEST RELAX MUSIC â€¢ SLEEP MUSIC","0f043be9-ded5-44b6-9e3f-25234492726e","2023-11-20",43201,"xT6b1RxJrTQ"
"486e75ff-3051-43fc-bbfb-f9eb67dc604b","Cat TV Birds ~ Captivating Birds for Cats to Watch","863b3aea-0d4b-49a6-bc07-b9588dbf5820","2023-10-24",14631,"CE-PQoozcFc"
"2376d0b2-ccb6-4000-869e-071cbf888922","CATS you will remember and LAUGH all day! ğŸ˜‚Funny Cats Videos 2023","09e913b6-133d-4abd-9635-991efbb339bf","2023-10-24",629,"IzluNxh-8_o"
"6cbdc2c5-a2f9-4307-800a-78ec78505d6c","What other tricks can I expect from Sonya?ğŸ˜³ #cat #cats","09e913b6-133d-4abd-9635-991efbb339bf","2023-10-23",16,"BvQpnSHw6Zg"
"a9c5ed6e-9869-45ff-b680-86093355abd8","Cat TV for Cats to Watch ğŸ˜º 10 hours of Squirrel and Bird Fun","4b26c2fb-9029-4385-b3d9-5ba03d99dad6","2023-10-12",36000,"d_QoanRKrKI"
"d6b020d5-85d9-4764-b2ed-d335fbf9c379","CAT Games | Ultimate Cat TV Bugs and Butterflies Compilation Vol 3 ğŸª² ğŸğŸ¦‹ğŸ¦—ğŸœ | Videos For Cats to Watch","09e913b6-133d-4abd-9635-991efbb339bf","2023-09-24",3600,"LXncdrIxIUw"
"1baa6779-35fd-47aa-bc14-cb7c0389f14b","Chipmunks and Red Squirrels of the Forest - 10 Hour CAT TV - Sept 22, 2023","4b26c2fb-9029-4385-b3d9-5ba03d99dad6","2023-09-22",36001,"GYO_1wtM8cE"
"dc36aed1-33e4-47fb-b454-9e3e58d9a453","Cat Games | Ultimate Cat TV Bugs and Butterflies Compilation Vol 2 | Videos for Cats to WatchğŸ±","863b3aea-0d4b-49a6-bc07-b9588dbf5820","2023-09-03",3600,"xup3YCi1HfM"
"aa8cce0f-4b6f-413e-b3ff-db1683cd7335","Funny animals 2023ğŸ˜† - Funniest Cats and Dogs VideoğŸ•ğŸˆ305 #shorts","09e913b6-133d-4abd-9635-991efbb339bf","2023-08-19",39,"lrajbjOPWjo"
"c2885138-f34f-49c2-81b6-4ea5aa57e4f8","My Life As Fish Tank Set #asmr","0f043be9-ded5-44b6-9e3f-25234492726e","2023-08-14",37,"jxgPvNl1pQg"
"c4bf8a77-423f-45f2-b97f-3b695e735c29","Squirrel and Bird Watching: 10 hours Nature Fun for Cats & Dogs & Humans Alike  (4K HDR)","4b26c2fb-9029-4385-b3d9-5ba03d99dad6","2023-08-10",36001,"jAxaYH_c17g"
"7e0cd496-3d27-4295-b13e-c9ff79b983ad","3D game for cats | CATCH THE LIZARD (top view) | 4K, 60 fps, stereo sound","09e913b6-133d-4abd-9635-991efbb339bf","2023-08-03",36000,"xLMmoDLYt6Y"
"b0295388-aa9a-4bf9-b997-4a7ff17b9fe1","Cat TV for Cats to Watch ğŸ˜º Cute Birds, Chipmunks, Squirrels in the Forest ğŸ¦ğŸ¿ï¸ 8 Hours(4K HDR)","4b26c2fb-9029-4385-b3d9-5ba03d99dad6","2023-07-26",28809,"02ML4zlcRpk"
"e56c3ff9-24e2-45ff-ae0c-62e6c7483e5f","A Scurry of Squirrels and Chipmunks in the Forest - 10 Hour CAT TV - July 06, 2023","4b26c2fb-9029-4385-b3d9-5ba03d99dad6","2023-07-06",36001,"hUpafcGbRsU"
"bdda271a-8739-4b80-ae7b-da74930dec66","Cat & Dog TV | SO MANY SQUIRRELS!!! ğŸ¿| Entertainment for Pets ğŸ•ğŸˆğŸ¦œ & their People ğŸ§â€â™€ï¸ğŸ§â€â™‚ï¸|","4b26c2fb-9029-4385-b3d9-5ba03d99dad6","2023-06-26",36023,"9qKeXL_wLbc"
"fd59a0f6-17e1-4546-b215-edda0b522a1f","Cat TV ~ Sweet Birds in My Garden â­ 8 HOURS â­","863b3aea-0d4b-49a6-bc07-b9588dbf5820","2023-06-13",28802,"PQk_X1RlPzw"
"047890a2-4026-48eb-a8ea-877687f6a8e0","Entertain your pets with a Forest Stream featuring Squirrels, Crows and Deer | 10-Hour Cat & Dog TV","09e913b6-133d-4abd-9635-991efbb339bf","2023-06-06",36052,"t36lxBkp-Mc"
"0fd25cdb-df0d-435f-929b-ddb63a0f4ccd","ğŸ±Cat Games - ğŸŸ Catching Fish Remake 2023 (Video for Cats to watch) 4K","0f043be9-ded5-44b6-9e3f-25234492726e","2023-06-05",3601,"uOCQYz37Mm4"
"ff771885-e7a2-4790-9377-b6b95360f68a","never keep a SHARK in a small aquarium. #aquarium #fishaquarium #fishing #shark","0f043be9-ded5-44b6-9e3f-25234492726e","2023-06-02",16,"rGR9-DtXkB4"
"0051e2b6-6f4b-4e31-bd3f-801a751e4369","20 Minutes of Adorable Kittens ğŸ˜ | BEST Compilation","09e913b6-133d-4abd-9635-991efbb339bf","2023-05-28",1202,"y0sF5xhGreA"
"ebbb79f6-3774-4f04-8bd3-398b8264b6c4","TV for Cats ğŸ˜»12 Hour Bird Bonanza ğŸ¦Uninterrupted CatTV with Fluttering Wings and Singing Birds","863b3aea-0d4b-49a6-bc07-b9588dbf5820","2023-05-19",43245,"zAn44YegOp0"
"1c319844-ded6-4a42-a8d7-218fb02f8139","Cat TV - 12 Hours of Underwater Diving for Cats - Underwater Adventure & Coral Reefs! Sleepy Cat","0f043be9-ded5-44b6-9e3f-25234492726e","2023-05-19",43415,"dQDI4Z-XjEI"
"ac0f2b23-ee2c-4413-83f5-871b0ea202c3","Movie for Cats - ğŸŸ Shoal of Gold Fish (Video for Cats) 4K","0f043be9-ded5-44b6-9e3f-25234492726e","2023-04-09",3601,"dUzr8ngFUYk"
"3165b837-aff4-4272-8e20-3e9ef76a17ff","Cat & Dog TV: Snow Squirrels Special feat. Lil' Birds 4K 10 Hours","4b26c2fb-9029-4385-b3d9-5ba03d99dad6","2023-04-04",36000,"zTo4raCWauc"
"0593aed7-4e07-4ecd-9dda-7bac4e808b1d","Cat TV for Cats to Watch: Hang Out with Red Squirrels and Beautiful Birds: 10hrs Winter Fun for All","4b26c2fb-9029-4385-b3d9-5ba03d99dad6","2023-03-22",36000,"udZDj2pLAKw"
"4daaf2a4-da02-45f2-98d8-1643a46dec03","Exotic aquatic Vijay nagar Indore!! #indore #aquarium #fish #nature #birds #dog #cat #shorts","0f043be9-ded5-44b6-9e3f-25234492726e","2023-03-02",8,"LL6v_cdsk2k"
"3c6e9a0d-5377-4733-b701-fba519bf6cfc","Colorful Fish Tank Aquarium For Cats | Calming Water Sounds for Meditation & Focus | 2 Hours","0f043be9-ded5-44b6-9e3f-25234492726e","2023-02-16",7595,"zKZXYDFYEaY"
"6bce45dc-6776-4c48-8355-0bbac25ee31b","$50 Dollar Fish Aquarium Challenge at Walmart (NEW FISH) #shorts","0f043be9-ded5-44b6-9e3f-25234492726e","2023-02-08",51,"axwCHxMRwVY"
"6665382e-9b69-4a2f-bef3-34f0cabccb9a","Squirrel Fun All Day Long - The Best ofğŸ¿ï¸ğŸ¿ï¸ 10 Hours Cat & Dog TV","4b26c2fb-9029-4385-b3d9-5ba03d99dad6","2023-01-26",36000,"pkUvYnI_yGg"
"12a911f3-8a54-4355-8e20-a12a7fc04c24","Cat TV for Cats to Watch ğŸ˜º Cute birds at winter wonderland ğŸ¦ Chatty squirrels ğŸ¿ 8 Hours(4K HDR)","863b3aea-0d4b-49a6-bc07-b9588dbf5820","2023-01-25",28839,"aVMBBWWr8n0"
"afb31209-0b71-4dd8-a380-ba2e2fa94620","Forest Friends in Winter Wonderland: 10 hours Cat & Dog TV","863b3aea-0d4b-49a6-bc07-b9588dbf5820","2022-12-27",36000,"c_HgKMjpZz4"
"a9e511ba-03a9-4a33-86dc-ee5d90f5831e","Cat TV for Cats to Watch ğŸ˜º Naughty squirrels, beautiful birds, wildflowers ğŸ¦ğŸ¿ğŸŒº 8 Hours(4K HDR)","4b26c2fb-9029-4385-b3d9-5ba03d99dad6","2022-12-21",28848,"zACwfxltq3o"
"4486b9d3-8e6b-4d45-87dc-0553d7e5b401","Cat Games - Bathing Birds (Video for Cats to watch) 1 Hour","863b3aea-0d4b-49a6-bc07-b9588dbf5820","2022-12-17",3636,"nix8ZpkQG50"
"6dc7bdea-9975-420b-8f47-c28df108fd85","Fish Tank Video For Cats to Watch | Calming Aquarium | 2 Hours | No Music","0f043be9-ded5-44b6-9e3f-25234492726e","2022-12-13",7257,"5UUSnUlVhbI"
"c09b66ef-1ac6-4a51-9ec6-99f7b68f9a2a","Best for Cats: White Xmas with Red Squirrels & Colorful Birds 10 hours Cat & Dog TV","4b26c2fb-9029-4385-b3d9-5ba03d99dad6","2022-12-03",36000,"_-kajQRRa-k"
"bc373b99-84f1-41c0-a579-c04b29da0752","Hilarious Cat Dives Into Fish Tank! #Cats #Shorts","0f043be9-ded5-44b6-9e3f-25234492726e","2022-11-12",21,"uZ-70EV62HQ"
"6f9edf07-e48f-4433-88aa-961d837654fa","CAT GAMES - Catch the Rolling Ball, Mice, Ants, Strings, Butterflies | Video for Cats | CAT & DOG TV","09e913b6-133d-4abd-9635-991efbb339bf","2022-11-08",3643,"02C1_qhFUDE"
"2d08caa2-775c-4e0a-a72c-0f39c80e54fa","Cat aquarium 1,8 juta","0f043be9-ded5-44b6-9e3f-25234492726e","2022-10-27",15,"y_wKdd5LH2A"
"1990061c-a112-4a36-bc11-415a4ebf4f24","9 HOURS of Visual and Sound Stimulation for Cats at Home","09e913b6-133d-4abd-9635-991efbb339bf","2022-10-13",31391,"nK97reb5jME"
"75a5a932-1a5a-435d-be09-f66e7777fd9c","CAT GAMES - Yarn Strings. Videos for Cats | CAT TV | 1 Hour.","09e913b6-133d-4abd-9635-991efbb339bf","2022-09-10",3664,"m37ZlwYo91o"
"b34de1fa-d681-4522-abde-f831411329b3","Kong Bat-A-Bout Glow Aquarium","0f043be9-ded5-44b6-9e3f-25234492726e","2022-08-22",58,"TQEKkaGynvA"
"05c5aa82-a761-43d8-9e76-3c0b7460855c","CAT TV ğŸ“º - 20 Hours of Underwater Fish Videos for Cats! (FISH TV 4K)","0f043be9-ded5-44b6-9e3f-25234492726e","2022-07-17",72000,"P8aBXQe1mEk"
"0e4a3bea-b40e-40c8-93ff-bc54096ab6a7","Bengal | Persian | Syberian | Cat breeds Available at KARNATAKA AQUARIUM #exoticpets #india","0f043be9-ded5-44b6-9e3f-25234492726e","2022-07-14",576,"bifmwyx502A"
"cc67cd35-5dd3-4d90-ab10-2d0616450eb2","Videos for Cats to Watch ğŸ˜ºğŸ“º Cute Birds, Squirrels, Bunnies on the Green Grass ğŸ° 8 Hours(4K HDR)","4b26c2fb-9029-4385-b3d9-5ba03d99dad6","2022-05-25",28856,"B-FR23hswfQ"
"038cfb06-3093-4abe-b2ac-75b319d579cf","Cost Saving Aquarium Hack That Really Works!!","0f043be9-ded5-44b6-9e3f-25234492726e","2022-05-21",645,"Rzem3wrmU9c"
"5f4c4fe7-8912-430f-a2bf-1ead05f1c583","Video for cats 11Hoursâ˜…ê³ ì–‘ì´ê°€ ì¢‹ì•„í•˜ëŠ” ì˜ìƒ 11ì‹œê°„â˜…ë¬¼ê³ ê¸°/ì—´ëŒ€ì–´/í•˜í”„ìŒì•…/ë¹—ì†Œë¦¬/íë§ì˜ìƒ/ê³ ì–‘ì´ì˜ˆëŠ¥(Fish/Harp/Relaxing)(ì™¸ì¶œìš©ver.)","0f043be9-ded5-44b6-9e3f-25234492726e","2022-05-10",39601,"VlDcG_rAL_A"
"9b5bf5fa-0151-474b-a9b1-296163c0aad4","Best Fake Aquarium With Moving Fish for Cats","0f043be9-ded5-44b6-9e3f-25234492726e","2022-05-07",188,"zp9xn1xycrs"
"0b64d914-3a85-47df-b60c-7bc983f5e5b9","The Next Level Cat Aquarium ğŸ˜» (Vertical Video)","0f043be9-ded5-44b6-9e3f-25234492726e","2022-03-26",31,"5sqy1qmZVvI"
"d41c58dc-7f16-4334-815b-966bef157528","CORAL REEF AQUARIUM COLLECTION â€¢ 12 HOURS â€¢ BEST RELAX MUSIC â€¢ SLEEP MUSIC","0f043be9-ded5-44b6-9e3f-25234492726e","2021-12-08",43250,"e_OQ-D7udLc"
"d389c37a-fc23-44c0-b64b-013dc22b2c2f","Panda Cory Catfish Care: A GREAT Addition to a Community Aquarium!","0f043be9-ded5-44b6-9e3f-25234492726e","2021-10-15",614,"gOJVvW2X96U"
"483425a6-c0d5-4fe3-9d89-7362f1644b7b","Cat TV for cats to watchğŸ±ğŸ¦Beautiful garden birds and pigeons ğŸ“º 8 hours(4K HDR)","863b3aea-0d4b-49a6-bc07-b9588dbf5820","2021-10-09",29955,"XnmgbZdcRl4"
"a69cf954-7f95-45c0-b9bc-70c200d62f4c","TV for Cats | Backyard Bird and Squirrel Watching | Video 13","4b26c2fb-9029-4385-b3d9-5ba03d99dad6","2021-08-22",11966,"0_hWOAa7nrY"
"dab27824-f00b-48f7-81f7-c3545c953e36","Persian Cat | Bengal Cat | Karnataka Aquarium | Exotic Pets in India | Persian Cat Price | Cats","0f043be9-ded5-44b6-9e3f-25234492726e","2021-07-23",291,"4sO2zMi-eIA"
"b8e2d409-c377-492b-a121-bf3348d3efa1","CAT GAMES - Mice. Mouse Sounds Video for Cats | CAT & DOG TV.","09e913b6-133d-4abd-9635-991efbb339bf","2021-05-15",865,"vOt9xhWToV0"
"7edf7e38-925e-430f-ab93-e1caf0e043ac","CATS TV - The ULTIMATE Games Compilation (20 in 1) 3 HOURS","09e913b6-133d-4abd-9635-991efbb339bf","2021-05-14",10800,"PG_wLKqW6J0"
"7c6b07e1-20f3-4d4b-aa95-8752f1942bce","Persian Cat Adult Female | Persian Kitten | Himalayan Cat Adult Male | Available At Karnataka Aquari","0f043be9-ded5-44b6-9e3f-25234492726e","2021-05-02",162,"85lez8wXRvc"
"5c95f8c7-8ab9-47d1-b8fd-c489cb1f8e71","Cat and Dog TV: The ultimate cute chipmunks and squirrels eating(4K)","4b26c2fb-9029-4385-b3d9-5ba03d99dad6","2021-04-17",21482,"t4FoUGcxEvQ"
"b13f071d-9354-46d7-bbf5-fe84fa417a13","ğŸŸ Coral Reef Aquarium Fish Tank with Water Sound - Tropical Fish, Screensaver 10 Hours","0f043be9-ded5-44b6-9e3f-25234492726e","2021-03-28",36137,"zQ8caaUxIvY"
"8aa9cf14-ea87-43da-96e7-8016106a97dc","Aquarium Fish Tank Artificial Barrel Ornament Cave Aquarium Fish Tank | Cats & Dogs Accessories","0f043be9-ded5-44b6-9e3f-25234492726e","2021-03-11",45,"d5PTbjIYaQU"
"c2b67b33-6eb9-46ce-80e5-47805ead4918","Cat TV ~ Mice in The Jerry Mouse Hole ğŸ­ 8 HOURS ğŸ­ Videos for Cats","4b26c2fb-9029-4385-b3d9-5ba03d99dad6","2021-02-08",29728,"6pbreU5ChmA"
"f82161bb-3e09-4b0a-98c6-e2204219a930","Top 7 WORST Beginner Fish! (BEWARE)","0f043be9-ded5-44b6-9e3f-25234492726e","2021-02-06",536,"b-uD3CIXe_A"
"ca213028-092b-4a21-8424-7d26d6e55164","Videos for Cats - Squirrels and Birds Mania â­ 10 HOURS â­ Cat TV","4b26c2fb-9029-4385-b3d9-5ba03d99dad6","2021-01-22",35801,"S7dSux2uhvo"
"b3e2789e-4988-4138-abbd-e44ff4eb2a6d","TV for Cats - Birds and Squirrels for Cats to Enjoy!","4b26c2fb-9029-4385-b3d9-5ba03d99dad6","2020-11-22",13255,"sbdqJ6pYgYc"
"89acea3d-3099-426d-aaf1-310e0e68de4f","Calm Marimba Music & Water Sounds in Aquarium â€¢ Sleep, Relax, Spa, Yoga, Zen Meditation","0f043be9-ded5-44b6-9e3f-25234492726e","2020-07-23",11373,"-CDH2fN7XXA"
"2756ea2d-040e-48a3-92b4-31c87a554329","Squirrels & Sparrows - Exhilarating Video For Cats To Watch!","4b26c2fb-9029-4385-b3d9-5ba03d99dad6","2020-05-29",41488,"zkYs-fgb8pU"
"f530df30-3645-491f-84f7-0db7d461a72c","Top 10 Cory Catfish for Your Aquarium","0f043be9-ded5-44b6-9e3f-25234492726e","2020-04-05",746,"z_AdgDUSZkw"
"65f646ad-3aab-4466-a7cd-2654feef2411","Fish Tank for Cats To Watch | 12 Hour Aquarium | Underwater Bubble Sounds","0f043be9-ded5-44b6-9e3f-25234492726e","2020-03-09",43196,"r1gURJWNu70"
"750da9a5-f0cc-4a99-b0e3-2fc534dba17e","Videos for Cats to Watch : Birds Being Awesome - Watch at Home with Your Cat on TV : Catflix","863b3aea-0d4b-49a6-bc07-b9588dbf5820","2020-02-10",30976,"9MgRErd6o8w"
"8c0c3b08-ced1-42e2-8346-aa20bac6234c","Stupid cat falls into narrow fish tank and gets stuck | CONTENTbible","0f043be9-ded5-44b6-9e3f-25234492726e","2019-07-22",15,"KZS8dRF-BHQ"
"a418a837-4fb6-4ce7-b4c3-f0068fa3dd9a","Cats Go Bonkers for this Squirrel Playing Peek A Boo Video","4b26c2fb-9029-4385-b3d9-5ba03d99dad6","2019-05-23",4272,"GZdiyMlPQDM"
"2d7956f8-a204-433a-9bd8-3e7fae1c701f","Relaxing Aquarium Fish Tank Sounds ~ NO MUSIC ğŸŸ","0f043be9-ded5-44b6-9e3f-25234492726e","2019-05-03",10823,"KLMhVJlOb3E"
"883e6e62-26f5-4ef4-838e-a5b794c491fb","VIDEO FOR CATS â˜… fish AQUARIUM 1 hour","0f043be9-ded5-44b6-9e3f-25234492726e","2019-04-02",2571,"UzBzVOAHqE8"
"ce276de5-a8c1-4a53-a313-36a6e3acf44c","The Traveling Bird Feeder - Relax With Squirrels & Birds ( 1 Hour )","4b26c2fb-9029-4385-b3d9-5ba03d99dad6","2019-03-19",3839,"vu72ja_mGME"
"640896b5-7211-4fbf-b9d7-917004b9f168","Videos for Cats - 9 Hours of Woodland Birds","863b3aea-0d4b-49a6-bc07-b9588dbf5820","2019-02-25",35085,"bK2mHh6AJf8"
"a93b2aa6-fd35-4c59-8ebb-70f1a371dd72","Videos for Cats and Dogs : 8 Hours of Birds and Squirrel Fun âœ…","09e913b6-133d-4abd-9635-991efbb339bf","2019-02-09",32140,"uUah6_-SKR8"
"13cee1ba-1898-4ffb-b4df-71aae8100244","Calming Videos for Cats - TV to Relax Your Cat and My Cat at Home : The Bird Garden","863b3aea-0d4b-49a6-bc07-b9588dbf5820","2018-05-20",30967,"_jqWwQNWsg4"
"0c095a66-37a3-43c3-80bb-9c26f9a59ff9","Videos for Cats to Watch - 8 Hour Birds Bonanza - Cat TV Bird Watch","863b3aea-0d4b-49a6-bc07-b9588dbf5820","2018-02-13",29142,"xbs7FT7dXYc"
"4cfeebb4-a5f8-410b-8f68-7860a0208b88","TV for Dogs : Videos for Dogs to Watch - Squirrels","4b26c2fb-9029-4385-b3d9-5ba03d99dad6","2017-08-04",633,"S5a1efQvFNo"
"f475e78d-98d4-4807-a4e2-954d050d0f76","CAT GAMES - ğŸŸ CATCHING FISH 1 HOUR VERSION (VIDEOS FOR CATS TO WATCH)","0f043be9-ded5-44b6-9e3f-25234492726e","2017-07-30",3601,"Mr292PG5vs8"
"db08d23b-b91c-4e67-aef8-3bfed7fb53f6","Cats vs. Fish Tanks","0f043be9-ded5-44b6-9e3f-25234492726e","2017-07-02",134,"HVJvrliCffY"
"760ca673-5da9-4cb9-8c8f-715b33454468","Cat TV - Squirrels and Woodland Birds Spectacular","4b26c2fb-9029-4385-b3d9-5ba03d99dad6","2017-06-21",5002,"mOF4CazF2vU"
"1293d161-02a8-467d-9ad2-043716e83213","Cat Games : A Video for Cats to Watch Birds","863b3aea-0d4b-49a6-bc07-b9588dbf5820","2017-05-28",784,"37cjLl07t5w"
"b6d5c57e-0d4d-411b-9d8d-9349d162ff89","MOVIE FOR CATS - ğŸ¿ï¸ HUNGRY SQUIRREL (ENTERTAINMENT VIDEOS FOR CATS TO WATCH)","4b26c2fb-9029-4385-b3d9-5ba03d99dad6","2017-04-21",601,"jxO3jDtekGk"
"7b16efdf-775e-4089-af6e-727164847a88","Cat Entertainment : Video and Bird Sounds for Cats * The Ultimate 8 HOURS *","09e913b6-133d-4abd-9635-991efbb339bf","2017-03-05",28698,"5Gi1djkgB5k"
"5665d756-1ba0-4399-bdf9-5cd3ec2bcb4b","Birds for Cats to Watch : Squirrels and Birds Cat Games Extravaganza Videos","4b26c2fb-9029-4385-b3d9-5ba03d99dad6","2017-02-24",3725,"C2EvpdSxOQg"
"36b7be4c-abaa-456f-9cab-970919fa16c3","BEAUTIFUL CORAL REEF AQUARIUM COLLECTION â€¢ 12 HOURS â€¢ BEST RELAX MUSIC â€¢ SLEEP MUSIC â€¢ 1080p HD","0f043be9-ded5-44b6-9e3f-25234492726e","2017-02-17",43192,"TRgqtaYb4sU"
"6f7b982b-d31b-469e-a5ea-55a176bc6aec","Fish Tank - Simon's Cat | SHORTS #55","0f043be9-ded5-44b6-9e3f-25234492726e","2016-08-05",132,"R9qdyXCVNVk"
"8bf4c52d-5f71-4d14-8d0f-afd4b7069487","Silly Cats with Human Mouths","09e913b6-133d-4abd-9635-991efbb339bf","2016-06-27",7,"OpB_GvoAqg8"
"329e37bf-6b07-453a-97c8-2fb94ef3f090","CAT GAMES - Catching Mice! Entertainment Video for Cats to Watch | CAT & DOG TV.","863b3aea-0d4b-49a6-bc07-b9588dbf5820","2015-12-18",370,"qW-KIjHjjHM"
"9f6fa939-a6dc-4439-a045-8669212553cd","Videos & Movies for Cats to Watch Squirrels - Squirrel World","4b26c2fb-9029-4385-b3d9-5ba03d99dad6","2015-11-02",4477,"9iGoDNlKY-g"
"863c37d0-fdcd-4839-9dde-92f5fafdad98","3 HOURS of Beautiful Coral Reef Fish, Relaxing Ocean Fish, Aquarium Fish Tank & Relax Music 1080p HD","0f043be9-ded5-44b6-9e3f-25234492726e","2015-09-30",10800,"qdUOH3GeqxY"
"1d91434d-bf3a-44e5-aa8e-85c9fe4a2362","Entertainment Videos For Cats and Dogs To Watch - Squirrel and Bird Fun","4b26c2fb-9029-4385-b3d9-5ba03d99dad6","2014-10-22",635,"w7XGHT0fEfk"
"e3372d57-be5a-4285-beba-241d980d6917","My thoughts on cat litter substrate","0f043be9-ded5-44b6-9e3f-25234492726e","2012-03-25",244,"xTHqaH1uk34"
"0222e116-4c9a-4e91-879f-9121dd085317","Videos for your Cat - Fish Tank (Trigger Fish, Yellow Wrasse, Domino Damsel)","0f043be9-ded5-44b6-9e3f-25234492726e","2012-01-31",1898,"1K1XKClRb38"
